Craaig,Curaaig,Kraaig,Keraaig,Khraaig,Kuraaig,Qraaig,Qeraaig,Qhraaig,
Craaige,Curaaige,Kraaige,Keraaige,Khraaige,Kuraaige,Qraaige,Qeraaige,Qhraaige,
Craaigg,Curaaigg,Kraaigg,Keraaigg,Khraaigg,Kuraaigg,Qraaigg,Qeraaigg,Qhraaigg,
Craaiggh,Curaaiggh,Kraaiggh,Keraaiggh,Khraaiggh,Kuraaiggh,Qraaiggh,Qeraaiggh,Qhraaiggh,
Craaigh,Curaaigh,Kraaigh,Keraaigh,Khraaigh,Kuraaigh,Qraaigh,Qeraaigh,Qhraaigh,
Craaighe,Curaaighe,Kraaighe,Keraaighe,Khraaighe,Kuraaighe,Qraaighe,Qeraaighe,Qhraaighe,
Craaigu,Curaaigu,Kraaigu,Keraaigu,Khraaigu,Kuraaigu,Qraaigu,Qeraaigu,Qhraaigu,
Craaihg,Curaaihg,Kraaihg,Keraaihg,Khraaihg,Kuraaihg,Qraaihg,Qeraaihg,Qhraaihg,
Craayg,Curaayg,Kraayg,Keraayg,Khraayg,Kuraayg,Qraayg,Qeraayg,Qhraayg,
Craayge,Curaayge,Kraayge,Keraayge,Khraayge,Kuraayge,Qraayge,Qeraayge,Qhraayge,
Craaygg,Curaaygg,Kraaygg,Keraaygg,Khraaygg,Kuraaygg,Qraaygg,Qeraaygg,Qhraaygg,
Craayggh,Curaayggh,Kraayggh,Keraayggh,Khraayggh,Kuraayggh,Qraayggh,Qeraayggh,Qhraayggh,
Craaygh,Curaaygh,Kraaygh,Keraaygh,Khraaygh,Kuraaygh,Qraaygh,Qeraaygh,Qhraaygh,
Craayghe,Curaayghe,Kraayghe,Keraayghe,Khraayghe,Kuraayghe,Qraayghe,Qeraayghe,Qhraayghe,
Craaygu,Curaaygu,Kraaygu,Keraaygu,Khraaygu,Kuraaygu,Qraaygu,Qeraaygu,Qhraaygu,
Craayhg,Curaayhg,Kraayhg,Keraayhg,Khraayhg,Kuraayhg,Qraayhg,Qeraayhg,Qhraayhg,
Craeg,Curaeg,Kraeg,Keraeg,Khraeg,Kuraeg,Qraeg,Qeraeg,Qhraeg,
Craege,Curaege,Kraege,Keraege,Khraege,Kuraege,Qraege,Qeraege,Qhraege,
Craegg,Curaegg,Kraegg,Keraegg,Khraegg,Kuraegg,Qraegg,Qeraegg,Qhraegg,
Craeggh,Curaeggh,Kraeggh,Keraeggh,Khraeggh,Kuraeggh,Qraeggh,Qeraeggh,Qhraeggh,
Craegh,Curaegh,Kraegh,Keraegh,Khraegh,Kuraegh,Qraegh,Qeraegh,Qhraegh,
Craeghe,Curaeghe,Kraeghe,Keraeghe,Khraeghe,Kuraeghe,Qraeghe,Qeraeghe,Qhraeghe,
Craegu,Curaegu,Kraegu,Keraegu,Khraegu,Kuraegu,Qraegu,Qeraegu,Qhraegu,
Craehg,Curaehg,Kraehg,Keraehg,Khraehg,Kuraehg,Qraehg,Qeraehg,Qhraehg,
Craeig,Curaeig,Kraeig,Keraeig,Khraeig,Kuraeig,Qraeig,Qeraeig,Qhraeig,
Craeige,Curaeige,Kraeige,Keraeige,Khraeige,Kuraeige,Qraeige,Qeraeige,Qhraeige,
Craeigg,Curaeigg,Kraeigg,Keraeigg,Khraeigg,Kuraeigg,Qraeigg,Qeraeigg,Qhraeigg,
Craeiggh,Curaeiggh,Kraeiggh,Keraeiggh,Khraeiggh,Kuraeiggh,Qraeiggh,Qeraeiggh,Qhraeiggh,
Craeigh,Curaeigh,Kraeigh,Keraeigh,Khraeigh,Kuraeigh,Qraeigh,Qeraeigh,Qhraeigh,
Craeighe,Curaeighe,Kraeighe,Keraeighe,Khraeighe,Kuraeighe,Qraeighe,Qeraeighe,Qhraeighe,
Craeigu,Curaeigu,Kraeigu,Keraeigu,Khraeigu,Kuraeigu,Qraeigu,Qeraeigu,Qhraeigu,
Craeihg,Curaeihg,Kraeihg,Keraeihg,Khraeihg,Kuraeihg,Qraeihg,Qeraeihg,Qhraeihg,
Craeyg,Curaeyg,Kraeyg,Keraeyg,Khraeyg,Kuraeyg,Qraeyg,Qeraeyg,Qhraeyg,
Craeyge,Curaeyge,Kraeyge,Keraeyge,Khraeyge,Kuraeyge,Qraeyge,Qeraeyge,Qhraeyge,
Craeygg,Curaeygg,Kraeygg,Keraeygg,Khraeygg,Kuraeygg,Qraeygg,Qeraeygg,Qhraeygg,
Craeyggh,Curaeyggh,Kraeyggh,Keraeyggh,Khraeyggh,Kuraeyggh,Qraeyggh,Qeraeyggh,Qhraeyggh,
Craeygh,Curaeygh,Kraeygh,Keraeygh,Khraeygh,Kuraeygh,Qraeygh,Qeraeygh,Qhraeygh,
Craeyghe,Curaeyghe,Kraeyghe,Keraeyghe,Khraeyghe,Kuraeyghe,Qraeyghe,Qeraeyghe,Qhraeyghe,
Craeygu,Curaeygu,Kraeygu,Keraeygu,Khraeygu,Kuraeygu,Qraeygu,Qeraeygu,Qhraeygu,
Craeyhg,Curaeyhg,Kraeyhg,Keraeyhg,Khraeyhg,Kuraeyhg,Qraeyhg,Qeraeyhg,Qhraeyhg,
Craig,Curaig,Kraig,Keraig,Khraig,Kuraig,Qraig,Qeraig,Qhraig,
Craige,Curaige,Kraige,Keraige,Khraige,Kuraige,Qraige,Qeraige,Qhraige,
Craigg,Curaigg,Kraigg,Keraigg,Khraigg,Kuraigg,Qraigg,Qeraigg,Qhraigg,
Craiggh,Curaiggh,Kraiggh,Keraiggh,Khraiggh,Kuraiggh,Qraiggh,Qeraiggh,Qhraiggh,
Craigh,Curaigh,Kraigh,Keraigh,Khraigh,Kuraigh,Qraigh,Qeraigh,Qhraigh,
Craighe,Curaighe,Kraighe,Keraighe,Khraighe,Kuraighe,Qraighe,Qeraighe,Qhraighe,
Craigu,Curaigu,Kraigu,Keraigu,Khraigu,Kuraigu,Qraigu,Qeraigu,Qhraigu,
Craihg,Curaihg,Kraihg,Keraihg,Khraihg,Kuraihg,Qraihg,Qeraihg,Qhraihg,
Craieg,Curaieg,Kraieg,Keraieg,Khraieg,Kuraieg,Qraieg,Qeraieg,Qhraieg,
Craiege,Curaiege,Kraiege,Keraiege,Khraiege,Kuraiege,Qraiege,Qeraiege,Qhraiege,
Craiegg,Curaiegg,Kraiegg,Keraiegg,Khraiegg,Kuraiegg,Qraiegg,Qeraiegg,Qhraiegg,
Craieggh,Curaieggh,Kraieggh,Keraieggh,Khraieggh,Kuraieggh,Qraieggh,Qeraieggh,Qhraieggh,
Craiegh,Curaiegh,Kraiegh,Keraiegh,Khraiegh,Kuraiegh,Qraiegh,Qeraiegh,Qhraiegh,
Craieghe,Curaieghe,Kraieghe,Keraieghe,Khraieghe,Kuraieghe,Qraieghe,Qeraieghe,Qhraieghe,
Craiegu,Curaiegu,Kraiegu,Keraiegu,Khraiegu,Kuraiegu,Qraiegu,Qeraiegu,Qhraiegu,
Craiehg,Curaiehg,Kraiehg,Keraiehg,Khraiehg,Kuraiehg,Qraiehg,Qeraiehg,Qhraiehg,
Craiyg,Curaiyg,Kraiyg,Keraiyg,Khraiyg,Kuraiyg,Qraiyg,Qeraiyg,Qhraiyg,
Craiyge,Curaiyge,Kraiyge,Keraiyge,Khraiyge,Kuraiyge,Qraiyge,Qeraiyge,Qhraiyge,
Craiygg,Curaiygg,Kraiygg,Keraiygg,Khraiygg,Kuraiygg,Qraiygg,Qeraiygg,Qhraiygg,
Craiyggh,Curaiyggh,Kraiyggh,Keraiyggh,Khraiyggh,Kuraiyggh,Qraiyggh,Qeraiyggh,Qhraiyggh,
Craiygh,Curaiygh,Kraiygh,Keraiygh,Khraiygh,Kuraiygh,Qraiygh,Qeraiygh,Qhraiygh,
Craiyghe,Curaiyghe,Kraiyghe,Keraiyghe,Khraiyghe,Kuraiyghe,Qraiyghe,Qeraiyghe,Qhraiyghe,
Craiygu,Curaiygu,Kraiygu,Keraiygu,Khraiygu,Kuraiygu,Qraiygu,Qeraiygu,Qhraiygu,
Craiyhg,Curaiyhg,Kraiyhg,Keraiyhg,Khraiyhg,Kuraiyhg,Qraiyhg,Qeraiyhg,Qhraiyhg,
Crayg,Curayg,Krayg,Kerayg,Khrayg,Kurayg,Qrayg,Qerayg,Qhrayg,
Crayge,Curayge,Krayge,Kerayge,Khrayge,Kurayge,Qrayge,Qerayge,Qhrayge,
Craygg,Curaygg,Kraygg,Keraygg,Khraygg,Kuraygg,Qraygg,Qeraygg,Qhraygg,
Crayggh,Curayggh,Krayggh,Kerayggh,Khrayggh,Kurayggh,Qrayggh,Qerayggh,Qhrayggh,
Craygh,Curaygh,Kraygh,Keraygh,Khraygh,Kuraygh,Qraygh,Qeraygh,Qhraygh,
Crayghe,Curayghe,Krayghe,Kerayghe,Khrayghe,Kurayghe,Qrayghe,Qerayghe,Qhrayghe,
Craygu,Curaygu,Kraygu,Keraygu,Khraygu,Kuraygu,Qraygu,Qeraygu,Qhraygu,
Crayhg,Curayhg,Krayhg,Kerayhg,Khrayhg,Kurayhg,Qrayhg,Qerayhg,Qhrayhg,
Creg,Cureg,Kreg,Kereg,Khreg,Kureg,Qreg,Qereg,Qhreg,
Crege,Curege,Krege,Kerege,Khrege,Kurege,Qrege,Qerege,Qhrege,
Cregg,Curegg,Kregg,Keregg,Khregg,Kuregg,Qregg,Qeregg,Qhregg,
Creggh,Cureggh,Kreggh,Kereggh,Khreggh,Kureggh,Qreggh,Qereggh,Qhreggh,
Cregh,Curegh,Kregh,Keregh,Khregh,Kuregh,Qregh,Qeregh,Qhregh,
Creghe,Cureghe,Kreghe,Kereghe,Khreghe,Kureghe,Qreghe,Qereghe,Qhreghe,
Cregu,Curegu,Kregu,Keregu,Khregu,Kuregu,Qregu,Qeregu,Qhregu,
Crehg,Curehg,Krehg,Kerehg,Khrehg,Kurehg,Qrehg,Qerehg,Qhrehg,
Creig,Cureig,Kreig,Kereig,Khreig,Kureig,Qreig,Qereig,Qhreig,
Creige,Cureige,Kreige,Kereige,Khreige,Kureige,Qreige,Qereige,Qhreige,
Creigg,Cureigg,Kreigg,Kereigg,Khreigg,Kureigg,Qreigg,Qereigg,Qhreigg,
Creiggh,Cureiggh,Kreiggh,Kereiggh,Khreiggh,Kureiggh,Qreiggh,Qereiggh,Qhreiggh,
Creigh,Cureigh,Kreigh,Kereigh,Khreigh,Kureigh,Qreigh,Qereigh,Qhreigh,
Creighe,Cureighe,Kreighe,Kereighe,Khreighe,Kureighe,Qreighe,Qereighe,Qhreighe,
Creigu,Cureigu,Kreigu,Kereigu,Khreigu,Kureigu,Qreigu,Qereigu,Qhreigu,
Creihg,Cureihg,Kreihg,Kereihg,Khreihg,Kureihg,Qreihg,Qereihg,Qhreihg,
Creiyg,Cureiyg,Kreiyg,Kereiyg,Khreiyg,Kureiyg,Qreiyg,Qereiyg,Qhreiyg,
Creiyge,Cureiyge,Kreiyge,Kereiyge,Khreiyge,Kureiyge,Qreiyge,Qereiyge,Qhreiyge,
Creiygg,Cureiygg,Kreiygg,Kereiygg,Khreiygg,Kureiygg,Qreiygg,Qereiygg,Qhreiygg,
Creiyggh,Cureiyggh,Kreiyggh,Kereiyggh,Khreiyggh,Kureiyggh,Qreiyggh,Qereiyggh,Qhreiyggh,
Creiygh,Cureiygh,Kreiygh,Kereiygh,Khreiygh,Kureiygh,Qreiygh,Qereiygh,Qhreiygh,
Creiyghe,Cureiyghe,Kreiyghe,Kereiyghe,Khreiyghe,Kureiyghe,Qreiyghe,Qereiyghe,Qhreiyghe,
Creiygu,Cureiygu,Kreiygu,Kereiygu,Khreiygu,Kureiygu,Qreiygu,Qereiygu,Qhreiygu,
Creiyhg,Cureiyhg,Kreiyhg,Kereiyhg,Khreiyhg,Kureiyhg,Qreiyhg,Qereiyhg,Qhreiyhg,
Creyg,Cureyg,Kreyg,Kereyg,Khreyg,Kureyg,Qreyg,Qereyg,Qhreyg,
Creyge,Cureyge,Kreyge,Kereyge,Khreyge,Kureyge,Qreyge,Qereyge,Qhreyge,
Creygg,Cureygg,Kreygg,Kereygg,Khreygg,Kureygg,Qreygg,Qereygg,Qhreygg,
Creyggh,Cureyggh,Kreyggh,Kereyggh,Khreyggh,Kureyggh,Qreyggh,Qereyggh,Qhreyggh,
Creygh,Cureygh,Kreygh,Kereygh,Khreygh,Kureygh,Qreygh,Qereygh,Qhreygh,
Creyghe,Cureyghe,Kreyghe,Kereyghe,Khreyghe,Kureyghe,Qreyghe,Qereyghe,Qhreyghe,
Creygu,Cureygu,Kreygu,Kereygu,Khreygu,Kureygu,Qreygu,Qereygu,Qhreygu,
Creyhg,Cureyhg,Kreyhg,Kereyhg,Khreyhg,Kureyhg,Qreyhg,Qereyhg,Qhreyhg,
936
